{
    "name": "root",
    "gauges": {
        "BlockAgent.Policy.Entropy.mean": {
            "value": 0.2913758456707001,
            "min": 0.2913758456707001,
            "max": 1.3728657960891724,
            "count": 10
        },
        "BlockAgent.Policy.Entropy.sum": {
            "value": 2911.71875,
            "min": 2911.71875,
            "max": 13751.9970703125,
            "count": 10
        },
        "BlockAgent.Environment.EpisodeLength.mean": {
            "value": 14.737007874015749,
            "min": 14.737007874015749,
            "max": 65.44897959183673,
            "count": 10
        },
        "BlockAgent.Environment.EpisodeLength.sum": {
            "value": 9358.0,
            "min": 9358.0,
            "max": 9934.0,
            "count": 10
        },
        "BlockAgent.Step.mean": {
            "value": 99981.0,
            "min": 9963.0,
            "max": 99981.0,
            "count": 10
        },
        "BlockAgent.Step.sum": {
            "value": 99981.0,
            "min": 9963.0,
            "max": 99981.0,
            "count": 10
        },
        "BlockAgent.Policy.ExtrinsicValueEstimate.mean": {
            "value": 91.4362564086914,
            "min": 1.468603253364563,
            "max": 91.4362564086914,
            "count": 10
        },
        "BlockAgent.Policy.ExtrinsicValueEstimate.sum": {
            "value": 58062.0234375,
            "min": 468.48443603515625,
            "max": 58062.0234375,
            "count": 10
        },
        "BlockAgent.Environment.CumulativeReward.mean": {
            "value": 99.31740160789194,
            "min": 2.823408238645573,
            "max": 99.31740160789194,
            "count": 10
        },
        "BlockAgent.Environment.CumulativeReward.sum": {
            "value": 63066.55002101138,
            "min": 753.849999718368,
            "max": 63066.55002101138,
            "count": 10
        },
        "BlockAgent.Policy.ExtrinsicReward.mean": {
            "value": 99.31740160789194,
            "min": 2.823408238645573,
            "max": 99.31740160789194,
            "count": 10
        },
        "BlockAgent.Policy.ExtrinsicReward.sum": {
            "value": 63066.55002101138,
            "min": 753.849999718368,
            "max": 63066.55002101138,
            "count": 10
        },
        "BlockAgent.Losses.PolicyLoss.mean": {
            "value": 0.2398557285066836,
            "min": 0.2376045873389001,
            "max": 0.24912253573141546,
            "count": 10
        },
        "BlockAgent.Losses.PolicyLoss.sum": {
            "value": 21.82687129410821,
            "min": 19.24597157445091,
            "max": 22.353190898937427,
            "count": 10
        },
        "BlockAgent.Losses.ValueLoss.mean": {
            "value": 126.73514293466296,
            "min": 83.17503827042029,
            "max": 728.1907039823558,
            "count": 10
        },
        "BlockAgent.Losses.ValueLoss.sum": {
            "value": 11532.89800705433,
            "min": 6737.178099904044,
            "max": 59711.63772655318,
            "count": 10
        },
        "BlockAgent.Policy.LearningRate.mean": {
            "value": 1.511696309291209e-05,
            "min": 1.511696309291209e-05,
            "max": 0.00028498496796797526,
            "count": 10
        },
        "BlockAgent.Policy.LearningRate.sum": {
            "value": 0.0013756436414550002,
            "min": 0.0013756436414550002,
            "max": 0.023083782405405998,
            "count": 10
        },
        "BlockAgent.Policy.Epsilon.mean": {
            "value": 0.10503895604395604,
            "min": 0.10503895604395604,
            "max": 0.19499498765432102,
            "count": 10
        },
        "BlockAgent.Policy.Epsilon.sum": {
            "value": 9.558544999999999,
            "min": 9.558544999999999,
            "max": 15.794594000000004,
            "count": 10
        },
        "BlockAgent.Policy.Beta.mean": {
            "value": 0.0005000000000000001,
            "min": 0.0005000000000000001,
            "max": 0.0005000000000000001,
            "count": 10
        },
        "BlockAgent.Policy.Beta.sum": {
            "value": 0.04550000000000001,
            "min": 0.03950000000000001,
            "max": 0.04550000000000001,
            "count": 10
        },
        "BlockAgent.IsTraining.mean": {
            "value": 1.0,
            "min": 1.0,
            "max": 1.0,
            "count": 10
        },
        "BlockAgent.IsTraining.sum": {
            "value": 1.0,
            "min": 1.0,
            "max": 1.0,
            "count": 10
        }
    },
    "metadata": {
        "timer_format_version": "0.1.0",
        "start_time_seconds": "1650239606",
        "python_version": "3.7.9 (tags/v3.7.9:13c94747c7, Aug 17 2020, 18:58:18) [MSC v.1900 64 bit (AMD64)]",
        "command_line_arguments": "D:\\NoSpaceFolder\\Projects\\Unity\\Collective Construction RL\\venv\\Scripts\\mlagents-learn config/config.yaml --run-id=BlockAgent3",
        "mlagents_version": "0.28.0",
        "mlagents_envs_version": "0.28.0",
        "communication_protocol_version": "1.5.0",
        "pytorch_version": "1.7.1+cu110",
        "numpy_version": "1.21.6",
        "end_time_seconds": "1650240708"
    },
    "total": 1102.3383414999998,
    "count": 1,
    "self": 0.010456299999987095,
    "children": {
        "run_training.setup": {
            "total": 0.14210469999999997,
            "count": 1,
            "self": 0.14210469999999997
        },
        "TrainerController.start_learning": {
            "total": 1102.1857805,
            "count": 1,
            "self": 2.7064203000243197,
            "children": {
                "TrainerController._reset_env": {
                    "total": 13.734311799999999,
                    "count": 1,
                    "self": 13.734311799999999
                },
                "TrainerController.advance": {
                    "total": 1085.6578848999757,
                    "count": 100017,
                    "self": 2.8568258999771388,
                    "children": {
                        "env_step": {
                            "total": 767.2116500999996,
                            "count": 100017,
                            "self": 468.9055222999765,
                            "children": {
                                "SubprocessEnvManager._take_step": {
                                    "total": 296.65245660002176,
                                    "count": 100017,
                                    "self": 9.032727000026398,
                                    "children": {
                                        "TorchPolicy.evaluate": {
                                            "total": 287.61972959999537,
                                            "count": 100017,
                                            "self": 114.28318209999622,
                                            "children": {
                                                "TorchPolicy.sample_actions": {
                                                    "total": 173.33654749999914,
                                                    "count": 100017,
                                                    "self": 173.33654749999914
                                                }
                                            }
                                        }
                                    }
                                },
                                "workers": {
                                    "total": 1.6536712000013196,
                                    "count": 100017,
                                    "self": 0.0,
                                    "children": {
                                        "worker_root": {
                                            "total": 1085.7721888000153,
                                            "count": 100017,