{
    "name": "root",
    "gauges": {
        "BlockAgent.Policy.Entropy.mean": {
            "value": 0.5024049878120422,
            "min": 0.5024049878120422,
            "max": 1.3479654788970947,
            "count": 6
        },
        "BlockAgent.Policy.Entropy.sum": {
            "value": 5051.1796875,
            "min": 5051.1796875,
            "max": 13483.69921875,
            "count": 6
        },
        "BlockAgent.Environment.EpisodeLength.mean": {
            "value": 180.63636363636363,
            "min": 118.08333333333333,
            "max": 180.63636363636363,
            "count": 6
        },
        "BlockAgent.Environment.EpisodeLength.sum": {
            "value": 9935.0,
            "min": 9854.0,
            "max": 10103.0,
            "count": 6
        },
        "BlockAgent.Step.mean": {
            "value": 59990.0,
            "min": 9942.0,
            "max": 59990.0,
            "count": 6
        },
        "BlockAgent.Step.sum": {
            "value": 59990.0,
            "min": 9942.0,
            "max": 59990.0,
            "count": 6
        },
        "BlockAgent.Policy.ExtrinsicValueEstimate.mean": {
            "value": 2.628633499145508,
            "min": 0.5026954412460327,
            "max": 2.8507750034332275,
            "count": 6
        },
        "BlockAgent.Policy.ExtrinsicValueEstimate.sum": {
            "value": 488.92584228515625,
            "min": 93.50135040283203,
            "max": 555.901123046875,
            "count": 6
        },
        "BlockAgent.Environment.CumulativeReward.mean": {
            "value": 10.243749431467482,
            "min": 2.1201491761785833,
            "max": 10.243749431467482,
            "count": 6
        },
        "BlockAgent.Environment.CumulativeReward.sum": {
            "value": 573.649968162179,
            "min": 142.0499948039651,
            "max": 573.649968162179,
            "count": 6
        },
        "BlockAgent.Policy.ExtrinsicReward.mean": {
            "value": 10.243749431467482,
            "min": 2.1201491761785833,
            "max": 10.243749431467482,
            "count": 6
        },
        "BlockAgent.Policy.ExtrinsicReward.sum": {
            "value": 573.649968162179,
            "min": 142.0499948039651,
            "max": 573.649968162179,
            "count": 6
        },
        "BlockAgent.Losses.PolicyLoss.mean": {
            "value": 0.24248346552321376,
            "min": 0.24054533757907007,
            "max": 0.24678200893949911,
            "count": 6
        },
        "BlockAgent.Losses.PolicyLoss.sum": {
            "value": 18.67122684528746,
            "min": 18.06101591177591,
            "max": 20.02621799432732,
            "count": 6
        },
        "BlockAgent.Losses.ValueLoss.mean": {
            "value": 0.41616014074981145,
            "min": 0.05062949732870241,
            "max": 0.5656523734345597,
            "count": 6
        },
        "BlockAgent.Losses.ValueLoss.sum": {
            "value": 32.04433083773548,
            "min": 4.050359786296193,
            "max": 42.423928007591975,
            "count": 6
        },
        "BlockAgent.Policy.LearningRate.mean": {
            "value": 0.0002450018884625801,
            "min": 0.0002450018884625801,
            "max": 0.0002949974247444487,
            "count": 6
        },
        "BlockAgent.Policy.LearningRate.sum": {
            "value": 0.018865145411618666,
            "min": 0.018865145411618666,
            "max": 0.023371285409571663,
            "count": 6
        },
        "BlockAgent.Policy.Epsilon.mean": {
            "value": 0.18166729004329005,
            "min": 0.18166729004329005,
            "max": 0.19833247435897436,
            "count": 6
        },
        "BlockAgent.Policy.Epsilon.sum": {
            "value": 13.988381333333335,
            "min": 13.873745666666668,
            "max": 15.990428333333336,
            "count": 6
        },
        "BlockAgent.Policy.Beta.mean": {
            "value": 0.0005000000000000001,
            "min": 0.0005000000000000001,
            "max": 0.0005000000000000001,
            "count": 6
        },
        "BlockAgent.Policy.Beta.sum": {
            "value": 0.038500000000000006,
            "min": 0.037500000000000006,
            "max": 0.04100000000000001,
            "count": 6
        },
        "BlockAgent.IsTraining.mean": {
            "value": 1.0,
            "min": 1.0,
            "max": 1.0,
            "count": 6
        },
        "BlockAgent.IsTraining.sum": {
            "value": 1.0,
            "min": 1.0,
            "max": 1.0,
            "count": 6
        }
    },
    "metadata": {
        "timer_format_version": "0.1.0",
        "start_time_seconds": "1650392565",
        "python_version": "3.7.9 (tags/v3.7.9:13c94747c7, Aug 17 2020, 18:58:18) [MSC v.1900 64 bit (AMD64)]",
        "command_line_arguments": "D:\\NoSpaceFolder\\Projects\\Unity\\Collective Construction RL\\venv\\Scripts\\mlagents-learn config/config.yaml --run-id=MBlockAgent20x20Infinity",
        "mlagents_version": "0.28.0",
        "mlagents_envs_version": "0.28.0",
        "communication_protocol_version": "1.5.0",
        "pytorch_version": "1.7.1+cu110",
        "numpy_version": "1.21.6",
        "end_time_seconds": "1650393396"
    },
    "total": 830.2621177,
    "count": 1,
    "self": 0.021534099999939826,
    "children": {
        "run_training.setup": {
            "total": 0.14866219999999997,
            "count": 1,
            "self": 0.14866219999999997
        },
        "TrainerController.start_learning": {
            "total": 830.0919214,
            "count": 1,
            "self": 2.01112559999558,
            "children": {
                "TrainerController._reset_env": {
                    "total": 5.665074799999999,
                    "count": 1,
                    "self": 5.665074799999999
                },
                "TrainerController.advance": {
                    "total": 822.2109747000044,
                    "count": 68783,
                    "self": 2.2692949000212366,
                    "children": {
                        "env_step": {
                            "total": 583.6196601999894,
                            "count": 68783,
                            "self": 346.0407672000106,
                            "children": {
                                "SubprocessEnvManager._take_step": {
                                    "total": 236.33204659998182,
                                    "count": 68783,
                                    "self": 7.175740599974915,
                                    "children": {
                                        "TorchPolicy.evaluate": {
                                            "total": 229.1563060000069,
                                            "count": 68783,
                                            "self": 91.88229539999111,
                                            "children": {
                                                "TorchPolicy.sample_actions": {
                                                    "total": 137.2740106000158,
                                                    "count": 68783,
                                                    "self": 137.2740106000158
                                                }
                                            }
                                        }
                                    }
                                },
                                "workers": {
                                    "total": 1.2468463999969952,
                                    "count": 68782,
                                    "self": 0.0,
                                    "children": {
                                        "worker_root": {
                                            "total": 822.9322999999888,
                                            "count": 68782,