{
    "name": "root",
    "gauges": {
        "BlockAgent.Policy.Entropy.mean": {
            "value": 0.6068361401557922,
            "min": 0.0006560678011737764,
            "max": 0.9718149304389954,
            "count": 69
        },
        "BlockAgent.Policy.Entropy.sum": {
            "value": 6042.8740234375,
            "min": 6.559365749359131,
            "max": 9727.8671875,
            "count": 69
        },
        "BlockAgent.Environment.EpisodeLength.mean": {
            "value": 47.98,
            "min": 8.606525911708253,
            "max": 207.58333333333334,
            "count": 69
        },
        "BlockAgent.Environment.EpisodeLength.sum": {
            "value": 14394.0,
            "min": 5422.0,
            "max": 14394.0,
            "count": 69
        },
        "BlockAgent.Step.mean": {
            "value": 689980.0,
            "min": 9991.0,
            "max": 689980.0,
            "count": 69
        },
        "BlockAgent.Step.sum": {
            "value": 689980.0,
            "min": 9991.0,
            "max": 689980.0,
            "count": 69
        },
        "BlockAgent.Policy.ExtrinsicValueEstimate.mean": {
            "value": -0.8176286220550537,
            "min": -0.8176286220550537,
            "max": 1.9624505043029785,
            "count": 69
        },
        "BlockAgent.Policy.ExtrinsicValueEstimate.sum": {
            "value": -355.66845703125,
            "min": -355.66845703125,
            "max": 390.52764892578125,
            "count": 69
        },
        "BlockAgent.Environment.CumulativeReward.mean": {
            "value": -0.9862333354912698,
            "min": -0.9862333354912698,
            "max": 6.447036469286239,
            "count": 69
        },
        "BlockAgent.Environment.CumulativeReward.sum": {
            "value": -295.87000064738095,
            "min": -295.87000064738095,
            "max": 394.9099777787924,
            "count": 69
        },
        "BlockAgent.Policy.ExtrinsicReward.mean": {
            "value": -0.9862333354912698,
            "min": -0.9862333354912698,
            "max": 6.447036469286239,
            "count": 69
        },
        "BlockAgent.Policy.ExtrinsicReward.sum": {
            "value": -295.87000064738095,
            "min": -295.87000064738095,
            "max": 394.9099777787924,
            "count": 69
        },
        "BlockAgent.Losses.PolicyLoss.mean": {
            "value": 0.24173424621198503,
            "min": 0.23742085984792424,
            "max": 0.2530591615995469,
            "count": 69
        },
        "BlockAgent.Losses.PolicyLoss.sum": {
            "value": 18.613536958322847,
            "min": 15.497819613676185,
            "max": 23.844701265242957,
            "count": 69
        },
        "BlockAgent.Losses.ValueLoss.mean": {
            "value": 6.640931002253622,
            "min": 4.302355231559154e-06,
            "max": 11.355097360127429,
            "count": 69
        },
        "BlockAgent.Losses.ValueLoss.sum": {
            "value": 511.35168717352894,
            "min": 0.00042163081269279705,
            "max": 817.5670099291749,
            "count": 69
        },
        "BlockAgent.Policy.LearningRate.mean": {
            "value": 9.449247109993505e-05,
            "min": 9.449247109993505e-05,
            "max": 0.00029853046715651104,
            "count": 69
        },
        "BlockAgent.Policy.LearningRate.sum": {
            "value": 0.007275920274694999,
            "min": 0.0070340758553096,
            "max": 0.028665795244734997,
            "count": 69
        },
        "BlockAgent.Policy.Epsilon.mean": {
            "value": 0.13149746753246758,
            "min": 0.13149746753246758,
            "max": 0.19951015555555557,
            "count": 69
        },
        "BlockAgent.Policy.Epsilon.sum": {
            "value": 10.125305000000003,
            "min": 9.213910000000002,
            "max": 19.355265,
            "count": 69
        },
        "BlockAgent.Policy.Beta.mean": {
            "value": 0.0005000000000000001,
            "min": 0.0005,
            "max": 0.0005000000000000002,
            "count": 69
        },
        "BlockAgent.Policy.Beta.sum": {
            "value": 0.038500000000000006,
            "min": 0.032,
            "max": 0.04900000000000002,
            "count": 69
        },
        "BlockAgent.IsTraining.mean": {
            "value": 1.0,
            "min": 1.0,
            "max": 1.0,
            "count": 69
        },
        "BlockAgent.IsTraining.sum": {
            "value": 1.0,
            "min": 1.0,
            "max": 1.0,
            "count": 69
        }
    },
    "metadata": {
        "timer_format_version": "0.1.0",
        "start_time_seconds": "1652136387",
        "python_version": "3.7.9 (tags/v3.7.9:13c94747c7, Aug 17 2020, 18:58:18) [MSC v.1900 64 bit (AMD64)]",
        "command_line_arguments": "D:\\NoSpaceFolder\\Projects\\Unity\\Collective Construction RL\\venv\\Scripts\\mlagents-learn config/config.yaml --run-id=MatColRandom --force",
        "mlagents_version": "0.28.0",
        "mlagents_envs_version": "0.28.0",
        "communication_protocol_version": "1.5.0",
        "pytorch_version": "1.7.1+cu110",
        "numpy_version": "1.21.6",
        "end_time_seconds": "1652144551"
    },
    "total": 8164.2275478,
    "count": 1,
    "self": 0.010807200000272132,
    "children": {
        "run_training.setup": {
            "total": 0.18517519999999998,
            "count": 1,
            "self": 0.18517519999999998
        },
        "TrainerController.start_learning": {
            "total": 8164.0315654,
            "count": 1,
            "self": 9.88066290036295,
            "children": {
                "TrainerController._reset_env": {
                    "total": 4.1116274,
                    "count": 1,
                    "self": 4.1116274
                },
                "TrainerController.advance": {
                    "total": 8149.934954999637,
                    "count": 345526,
                    "self": 11.200352399899202,
                    "children": {
                        "env_step": {
                            "total": 6115.159111799715,
                            "count": 345526,
                            "self": 5018.042060499571,
                            "children": {
                                "SubprocessEnvManager._take_step": {
                                    "total": 1090.9301010000408,
                                    "count": 345526,
                                    "self": 33.19052820009642,
                                    "children": {
                                        "TorchPolicy.evaluate": {
                                            "total": 1057.7395727999444,
                                            "count": 345526,
                                            "self": 425.8411370999015,
                                            "children": {
                                                "TorchPolicy.sample_actions": {
                                                    "total": 631.8984357000429,
                                                    "count": 345526,
                                                    "self": 631.8984357000429
                                                }
                                            }
                                        }
                                    }
                                },
                                "workers": {
                                    "total": 6.186950300103312,
                                    "count": 345525,
                                    "self": 0.0,
                                    "children": {
                                        "worker_root": {
                                            "total": 8144.399873600071,
                                            "count": 345525,