{
    "name": "root",
    "gauges": {
        "BlockAgent.Policy.Entropy.mean": {
            "value": 0.8402150869369507,
            "min": 0.4719564616680145,
            "max": 1.1480424404144287,
            "count": 10
        },
        "BlockAgent.Policy.Entropy.sum": {
            "value": 8484.4921875,
            "min": 4715.7890625,
            "max": 11501.0888671875,
            "count": 10
        },
        "BlockAgent.Environment.EpisodeLength.mean": {
            "value": 104.1875,
            "min": 11.681012658227848,
            "max": 111.61363636363636,
            "count": 10
        },
        "BlockAgent.Environment.EpisodeLength.sum": {
            "value": 10002.0,
            "min": 9228.0,
            "max": 10042.0,
            "count": 10
        },
        "BlockAgent.Step.mean": {
            "value": 99984.0,
            "min": 9997.0,
            "max": 99984.0,
            "count": 10
        },
        "BlockAgent.Step.sum": {
            "value": 99984.0,
            "min": 9997.0,
            "max": 99984.0,
            "count": 10
        },
        "BlockAgent.Policy.ExtrinsicValueEstimate.mean": {
            "value": 0.9949504137039185,
            "min": -0.18473170697689056,
            "max": 1.0625321865081787,
            "count": 10
        },
        "BlockAgent.Policy.ExtrinsicValueEstimate.sum": {
            "value": 196.00523376464844,
            "min": -152.40365600585938,
            "max": 253.9965057373047,
            "count": 10
        },
        "BlockAgent.Environment.CumulativeReward.mean": {
            "value": 2.944270582830844,
            "min": 0.00982256321512701,
            "max": 3.7366664601696864,
            "count": 10
        },
        "BlockAgent.Environment.CumulativeReward.sum": {
            "value": 282.649975951761,
            "min": 7.75000237673521,
            "max": 508.59997061267495,
            "count": 10
        },
        "BlockAgent.Policy.ExtrinsicReward.mean": {
            "value": 2.944270582830844,
            "min": 0.00982256321512701,
            "max": 3.7366664601696864,
            "count": 10
        },
        "BlockAgent.Policy.ExtrinsicReward.sum": {
            "value": 282.649975951761,
            "min": 7.75000237673521,
            "max": 508.59997061267495,
            "count": 10
        },
        "BlockAgent.Losses.PolicyLoss.mean": {
            "value": 0.23992845945477267,
            "min": 0.23888182445366307,
            "max": 0.2518103983928574,
            "count": 10
        },
        "BlockAgent.Losses.PolicyLoss.sum": {
            "value": 15.595349864560223,
            "min": 14.101382310000014,
            "max": 18.947654467587604,
            "count": 10
        },
        "BlockAgent.Losses.ValueLoss.mean": {
            "value": 1.9288081349919992,
            "min": 0.2831246054956532,
            "max": 2.843983200198435,
            "count": 10
        },
        "BlockAgent.Losses.ValueLoss.sum": {
            "value": 125.37252877447995,
            "min": 21.238891010337536,
            "max": 159.26305921111236,
            "count": 10
        },
        "BlockAgent.Policy.LearningRate.mean": {
            "value": 0.0002049497239911282,
            "min": 0.0002049497239911282,
            "max": 0.0002951314888023247,
            "count": 10
        },
        "BlockAgent.Policy.LearningRate.sum": {
            "value": 0.013321732059423334,
            "min": 0.012042267585911332,
            "max": 0.023020256126581328,
            "count": 10
        },
        "BlockAgent.Policy.Epsilon.mean": {
            "value": 0.1683165641025641,
            "min": 0.1683165641025641,
            "max": 0.19837716239316242,
            "count": 10
        },
        "BlockAgent.Policy.Epsilon.sum": {
            "value": 10.940576666666667,
            "min": 9.614088666666666,
            "max": 15.473418666666667,
            "count": 10
        },
        "BlockAgent.Policy.Beta.mean": {
            "value": 0.0005,
            "min": 0.0005,
            "max": 0.0005000000000000001,
            "count": 10
        },
        "BlockAgent.Policy.Beta.sum": {
            "value": 0.0325,
            "min": 0.028,
            "max": 0.03900000000000001,
            "count": 10
        },
        "BlockAgent.IsTraining.mean": {
            "value": 1.0,
            "min": 1.0,
            "max": 1.0,
            "count": 10
        },
        "BlockAgent.IsTraining.sum": {
            "value": 1.0,
            "min": 1.0,
            "max": 1.0,
            "count": 10
        }
    },
    "metadata": {
        "timer_format_version": "0.1.0",
        "start_time_seconds": "1651163572",
        "python_version": "3.7.9 (tags/v3.7.9:13c94747c7, Aug 17 2020, 18:58:18) [MSC v.1900 64 bit (AMD64)]",
        "command_line_arguments": "D:\\NoSpaceFolder\\Projects\\Unity\\Collective Construction RL\\venv\\Scripts\\mlagents-learn config/config.yaml --run-id=MultiAgent2 --force",
        "mlagents_version": "0.28.0",
        "mlagents_envs_version": "0.28.0",
        "communication_protocol_version": "1.5.0",
        "pytorch_version": "1.7.1+cu110",
        "numpy_version": "1.21.6",
        "end_time_seconds": "1651164979"
    },
    "total": 1406.5421433000001,
    "count": 1,
    "self": 0.039050300000099014,
    "children": {
        "run_training.setup": {
            "total": 0.12504990000000005,
            "count": 1,
            "self": 0.12504990000000005
        },
        "TrainerController.start_learning": {
            "total": 1406.3780431,
            "count": 1,
            "self": 1.8093982999946547,
            "children": {
                "TrainerController._reset_env": {
                    "total": 14.025486099999998,
                    "count": 1,
                    "self": 14.025486099999998
                },
                "TrainerController.advance": {
                    "total": 1389.5347034000051,
                    "count": 54768,
                    "self": 2.0532343999784644,
                    "children": {
                        "env_step": {
                            "total": 1021.5028945000251,
                            "count": 54768,
                            "self": 824.9268415000497,
                            "children": {
                                "SubprocessEnvManager._take_step": {
                                    "total": 195.46560569997558,
                                    "count": 54768,
                                    "self": 5.978882600004965,
                                    "children": {
                                        "TorchPolicy.evaluate": {
                                            "total": 189.48672309997062,
                                            "count": 54768,
                                            "self": 73.02612859997306,
                                            "children": {
                                                "TorchPolicy.sample_actions": {
                                                    "total": 116.46059449999755,
                                                    "count": 54768,
                                                    "self": 116.46059449999755
                                                }
                                            }
                                        }
                                    }
                                },
                                "workers": {
                                    "total": 1.1104472999998407,
                                    "count": 54768,
                                    "self": 0.0,
                                    "children": {
                                        "worker_root": {
                                            "total": 1398.5122769000031,
                                            "count": 54768,
                                            "is_parallel": true,