{
    "name": "root",
    "gauges": {
        "BlockAgent.Policy.Entropy.mean": {
            "value": 0.2806255519390106,
            "min": 1.313839038630249e-05,
            "max": 1.3658256530761719,
            "count": 100
        },
        "BlockAgent.Policy.Entropy.sum": {
            "value": 2797.836669921875,
            "min": 0.13148900866508484,
            "max": 13742.9375,
            "count": 100
        },
        "BlockAgent.Environment.EpisodeLength.mean": {
            "value": 251.45,
            "min": 22.885714285714286,
            "max": 400.0,
            "count": 100
        },
        "BlockAgent.Environment.EpisodeLength.sum": {
            "value": 10058.0,
            "min": 9110.0,
            "max": 10858.0,
            "count": 100
        },
        "BlockAgent.Step.mean": {
            "value": 999954.0,
            "min": 9974.0,
            "max": 999954.0,
            "count": 100
        },
        "BlockAgent.Step.sum": {
            "value": 999954.0,
            "min": 9974.0,
            "max": 999954.0,
            "count": 100
        },
        "BlockAgent.Policy.ExtrinsicValueEstimate.mean": {
            "value": 2.3527743816375732,
            "min": -5.165824890136719,
            "max": 2.669031858444214,
            "count": 100
        },
        "BlockAgent.Policy.ExtrinsicValueEstimate.sum": {
            "value": 395.2660827636719,
            "min": -976.3409423828125,
            "max": 446.544677734375,
            "count": 100
        },
        "BlockAgent.Environment.CumulativeReward.mean": {
            "value": 11.98624923825264,
            "min": -9.035246107116587,
            "max": 11.98624923825264,
            "count": 100
        },
        "BlockAgent.Environment.CumulativeReward.sum": {
            "value": 479.4499695301056,
            "min": -551.1500125341117,
            "max": 571.7499725073576,
            "count": 100
        },
        "BlockAgent.Policy.ExtrinsicReward.mean": {
            "value": 11.98624923825264,
            "min": -9.035246107116587,
            "max": 11.98624923825264,
            "count": 100
        },
        "BlockAgent.Policy.ExtrinsicReward.sum": {
            "value": 479.4499695301056,
            "min": -551.1500125341117,
            "max": 571.7499725073576,
            "count": 100
        },
        "BlockAgent.Losses.PolicyLoss.mean": {
            "value": 0.24514870649863077,
            "min": 0.22320038254995714,
            "max": 0.2528246565047569,
            "count": 100
        },
        "BlockAgent.Losses.PolicyLoss.sum": {
            "value": 18.141004280898677,
            "min": 13.578632949166778,
            "max": 19.192812570042467,
            "count": 100
        },
        "BlockAgent.Losses.ValueLoss.mean": {
            "value": 0.16194296331395855,
            "min": 2.874587040428206e-06,
            "max": 7.751792584340316,
            "count": 100
        },
        "BlockAgent.Losses.ValueLoss.sum": {
            "value": 11.983779285232933,
            "min": 0.00021271944099168725,
            "max": 542.6254809038221,
            "count": 100
        },
        "BlockAgent.Policy.LearningRate.mean": {
            "value": 1.5037643636432446e-06,
            "min": 1.5037643636432446e-06,
            "max": 0.00029849798231885446,
            "count": 100
        },
        "BlockAgent.Policy.LearningRate.sum": {
            "value": 0.0001112785629096001,
            "min": 0.0001112785629096001,
            "max": 0.021265016811661198,
            "count": 100
        },
        "BlockAgent.Policy.Epsilon.mean": {
            "value": 0.10050122162162163,
            "min": 0.10050122162162163,
            "max": 0.1994993272727273,
            "count": 100
        },
        "BlockAgent.Policy.Epsilon.sum": {
            "value": 7.437090400000001,
            "min": 7.437090400000001,
            "max": 14.5883388,
            "count": 100
        },
        "BlockAgent.Policy.Beta.mean": {
            "value": 0.0005000000000000001,
            "min": 0.0005,
            "max": 0.0005000000000000001,
            "count": 100
        },
        "BlockAgent.Policy.Beta.sum": {
            "value": 0.037000000000000005,
            "min": 0.027500000000000004,
            "max": 0.038500000000000006,
            "count": 100
        },
        "BlockAgent.IsTraining.mean": {
            "value": 1.0,
            "min": 1.0,
            "max": 1.0,
            "count": 100
        },
        "BlockAgent.IsTraining.sum": {
            "value": 1.0,
            "min": 1.0,
            "max": 1.0,
            "count": 100
        }
    },
    "metadata": {
        "timer_format_version": "0.1.0",
        "start_time_seconds": "1652031702",
        "python_version": "3.7.9 (tags/v3.7.9:13c94747c7, Aug 17 2020, 18:58:18) [MSC v.1900 64 bit (AMD64)]",
        "command_line_arguments": "D:\\NoSpaceFolder\\Projects\\Unity\\Collective Construction RL\\venv\\Scripts\\mlagents-learn config/config.yaml --run-id=MatCol --force",
        "mlagents_version": "0.28.0",
        "mlagents_envs_version": "0.28.0",
        "communication_protocol_version": "1.5.0",
        "pytorch_version": "1.7.1+cu110",
        "numpy_version": "1.21.6",
        "end_time_seconds": "1652041718"
    },
    "total": 10016.0568463,
    "count": 1,
    "self": 0.015650200000891346,
    "children": {
        "run_training.setup": {
            "total": 0.13708900000000002,
            "count": 1,
            "self": 0.13708900000000002
        },
        "TrainerController.start_learning": {
            "total": 10015.9041071,
            "count": 1,
            "self": 11.553969699785739,
            "children": {
                "TrainerController._reset_env": {
                    "total": 7.828635200000001,
                    "count": 1,
                    "self": 7.828635200000001
                },
                "TrainerController.advance": {
                    "total": 9996.459150500215,
                    "count": 500041,
                    "self": 12.855134100153009,
                    "children": {
                        "env_step": {
                            "total": 7402.36926550008,
                            "count": 500041,
                            "self": 6064.153164900194,
                            "children": {
                                "SubprocessEnvManager._take_step": {
                                    "total": 1330.637148900377,
                                    "count": 500041,
                                    "self": 34.99544359982838,
                                    "children": {
                                        "TorchPolicy.evaluate": {
                                            "total": 1295.6417053005487,
                                            "count": 500041,
                                            "self": 549.3951198009066,
                                            "children": {
                                                "TorchPolicy.sample_actions": {
                                                    "total": 746.246585499642,
                                                    "count": 500041,
                                                    "self": 746.246585499642
                                                }
                                            }
                                        }
                                    }
                                },
                                "workers": {
                                    "total": 7.578951699508391,
                                    "count": 500041,
                                    "self": 0.0,
                                    "children": {
                                        "worker_root": {
                                            "total": 9988.629669200276,
                                            "count": 500041,