{
    "name": "root",
    "gauges": {
        "BlockAgent.Policy.Entropy.mean": {
            "value": 0.42948755621910095,
            "min": 0.41874346137046814,
            "max": 0.6100233197212219,
            "count": 20
        },
        "BlockAgent.Policy.Entropy.sum": {
            "value": 4289.7216796875,
            "min": 4181.572265625,
            "max": 6086.8125,
            "count": 20
        },
        "BlockAgent.Environment.EpisodeLength.mean": {
            "value": 80.58064516129032,
            "min": 70.42028985507247,
            "max": 86.01724137931035,
            "count": 20
        },
        "BlockAgent.Environment.EpisodeLength.sum": {
            "value": 9992.0,
            "min": 9718.0,
            "max": 10016.0,
            "count": 20
        },
        "BlockAgent.Step.mean": {
            "value": 499991.0,
            "min": 309958.0,
            "max": 499991.0,
            "count": 20
        },
        "BlockAgent.Step.sum": {
            "value": 499991.0,
            "min": 309958.0,
            "max": 499991.0,
            "count": 20
        },
        "BlockAgent.Policy.ExtrinsicValueEstimate.mean": {
            "value": 1.638264775276184,
            "min": 1.1281588077545166,
            "max": 1.7164379358291626,
            "count": 20
        },
        "BlockAgent.Policy.ExtrinsicValueEstimate.sum": {
            "value": 386.6304931640625,
            "min": 251.57940673828125,
            "max": 415.37799072265625,
            "count": 20
        },
        "BlockAgent.Environment.CumulativeReward.mean": {
            "value": 5.423983472876433,
            "min": 4.068650594956818,
            "max": 5.632083029920856,
            "count": 20
        },
        "BlockAgent.Environment.CumulativeReward.sum": {
            "value": 667.1499671638012,
            "min": 510.64997260272503,
            "max": 675.8499635905027,
            "count": 20
        },
        "BlockAgent.Policy.ExtrinsicReward.mean": {
            "value": 5.423983472876433,
            "min": 4.068650594956818,
            "max": 5.632083029920856,
            "count": 20
        },
        "BlockAgent.Policy.ExtrinsicReward.sum": {
            "value": 667.1499671638012,
            "min": 510.64997260272503,
            "max": 675.8499635905027,
            "count": 20
        },
        "BlockAgent.Losses.PolicyLoss.mean": {
            "value": 0.2416447909415023,
            "min": 0.23688127227647174,
            "max": 0.2514603781452507,
            "count": 20
        },
        "BlockAgent.Losses.PolicyLoss.sum": {
            "value": 14.498687456490137,
            "min": 13.975995064311833,
            "max": 16.63385957080709,
            "count": 20
        },
        "BlockAgent.Losses.ValueLoss.mean": {
            "value": 0.2994028066092013,
            "min": 0.18739859986312052,
            "max": 0.7850646660962672,
            "count": 20
        },
        "BlockAgent.Losses.ValueLoss.sum": {
            "value": 17.96416839655208,
            "min": 11.243915991787231,
            "max": 48.67400929796857,
            "count": 20
        },
        "BlockAgent.Policy.LearningRate.mean": {
            "value": 3.085478971539999e-06,
            "min": 3.085478971539999e-06,
            "max": 0.00011699859433382221,
            "count": 20
        },
        "BlockAgent.Policy.LearningRate.sum": {
            "value": 0.00018512873829239996,
            "min": 0.00018512873829239996,
            "max": 0.0073709114430307995,
            "count": 20
        },
        "BlockAgent.Policy.Epsilon.mean": {
            "value": 0.10102846,
            "min": 0.10102846,
            "max": 0.13899951111111108,
            "count": 20
        },
        "BlockAgent.Policy.Epsilon.sum": {
            "value": 6.0617076,
            "min": 6.0617076,
            "max": 9.0478044,
            "count": 20
        },
        "BlockAgent.Policy.Beta.mean": {
            "value": 0.0005,
            "min": 0.0005,
            "max": 0.0005,
            "count": 20
        },
        "BlockAgent.Policy.Beta.sum": {
            "value": 0.030000000000000002,
            "min": 0.029500000000000002,
            "max": 0.0335,
            "count": 20
        },
        "BlockAgent.IsTraining.mean": {
            "value": 1.0,
            "min": 1.0,
            "max": 1.0,
            "count": 20
        },
        "BlockAgent.IsTraining.sum": {
            "value": 1.0,
            "min": 1.0,
            "max": 1.0,
            "count": 20
        }
    },
    "metadata": {
        "timer_format_version": "0.1.0",
        "start_time_seconds": "1651343963",
        "python_version": "3.7.9 (tags/v3.7.9:13c94747c7, Aug 17 2020, 18:58:18) [MSC v.1900 64 bit (AMD64)]",
        "command_line_arguments": "D:\\NoSpaceFolder\\Projects\\Unity\\Collective Construction RL\\venv\\Scripts\\mlagents-learn config/config.yaml --run-id=MultiAgent --resume",
        "mlagents_version": "0.28.0",
        "mlagents_envs_version": "0.28.0",
        "communication_protocol_version": "1.5.0",
        "pytorch_version": "1.7.1+cu110",
        "numpy_version": "1.21.6",
        "end_time_seconds": "1651346269"
    },
    "total": 2305.2047127,
    "count": 1,
    "self": 0.01145749999977852,
    "children": {
        "run_training.setup": {
            "total": 0.11597160000000017,
            "count": 1,
            "self": 0.11597160000000017
        },
        "TrainerController.start_learning": {
            "total": 2305.0772836,
            "count": 1,
            "self": 2.9511170999890055,
            "children": {
                "TrainerController._reset_env": {
                    "total": 4.9943488,
                    "count": 1,
                    "self": 4.9943488
                },
                "TrainerController.advance": {
                    "total": 2296.7856258000115,
                    "count": 99984,
                    "self": 3.375403800071581,
                    "children": {
                        "env_step": {
                            "total": 1741.2840108999378,
                            "count": 99984,
                            "self": 1412.4160026999316,
                            "children": {
                                "SubprocessEnvManager._take_step": {
                                    "total": 326.9476413999645,
                                    "count": 99984,
                                    "self": 10.152072399944416,
                                    "children": {
                                        "TorchPolicy.evaluate": {
                                            "total": 316.79556900002007,
                                            "count": 99984,
                                            "self": 129.00973430001727,
                                            "children": {
                                                "TorchPolicy.sample_actions": {
                                                    "total": 187.7858347000028,
                                                    "count": 99984,
                                                    "self": 187.7858347000028
                                                }
                                            }
                                        }
                                    }
                                },
                                "workers": {
                                    "total": 1.9203668000415934,
                                    "count": 99984,
                                    "self": 0.0,
                                    "children": {
                                        "worker_root": {
                                            "total": 2296.1886296000216,
                                            "count": 99984,
                                            "is_parallel": true,