{
    "name": "root",
    "gauges": {
        "BlockAgent.Policy.Entropy.mean": {
            "value": 0.6904551982879639,
            "min": 0.6904551982879639,
            "max": 1.2822785377502441,
            "count": 3
        },
        "BlockAgent.Policy.Entropy.sum": {
            "value": 6941.83642578125,
            "min": 6941.83642578125,
            "max": 12844.583984375,
            "count": 3
        },
        "BlockAgent.Environment.EpisodeLength.mean": {
            "value": 154.66153846153847,
            "min": 83.88983050847457,
            "max": 168.9655172413793,
            "count": 3
        },
        "BlockAgent.Environment.EpisodeLength.sum": {
            "value": 10053.0,
            "min": 9800.0,
            "max": 10053.0,
            "count": 3
        },
        "BlockAgent.Step.mean": {
            "value": 29993.0,
            "min": 9955.0,
            "max": 29993.0,
            "count": 3
        },
        "BlockAgent.Step.sum": {
            "value": 29993.0,
            "min": 9955.0,
            "max": 29993.0,
            "count": 3
        },
        "BlockAgent.Policy.ExtrinsicValueEstimate.mean": {
            "value": 3.0317764282226562,
            "min": 0.9545390605926514,
            "max": 3.0317764282226562,
            "count": 3
        },
        "BlockAgent.Policy.ExtrinsicValueEstimate.sum": {
            "value": 585.1328735351562,
            "min": 207.13497924804688,
            "max": 585.1328735351562,
            "count": 3
        },
        "BlockAgent.Environment.CumulativeReward.mean": {
            "value": 10.650768705170888,
            "min": 2.0487178700984034,
            "max": 10.650768705170888,
            "count": 3
        },
        "BlockAgent.Environment.CumulativeReward.sum": {
            "value": 692.2999658361077,
            "min": 239.6999908015132,
            "max": 692.2999658361077,
            "count": 3
        },
        "BlockAgent.Policy.ExtrinsicReward.mean": {
            "value": 10.650768705170888,
            "min": 2.0487178700984034,
            "max": 10.650768705170888,
            "count": 3
        },
        "BlockAgent.Policy.ExtrinsicReward.sum": {
            "value": 692.2999658361077,
            "min": 239.6999908015132,
            "max": 692.2999658361077,
            "count": 3
        },
        "BlockAgent.Losses.PolicyLoss.mean": {
            "value": 0.24893987342561194,
            "min": 0.242995732150999,
            "max": 0.2524149294578118,
            "count": 3
        },
        "BlockAgent.Losses.PolicyLoss.sum": {
            "value": 18.91943038034651,
            "min": 18.710671375626923,
            "max": 20.193194356624943,
            "count": 3
        },
        "BlockAgent.Losses.ValueLoss.mean": {
            "value": 0.19619933373008205,
            "min": 0.19619933373008205,
            "max": 0.5138524506108643,
            "count": 3
        },
        "BlockAgent.Losses.ValueLoss.sum": {
            "value": 14.911149363486237,
            "min": 14.911149363486237,
            "max": 39.566638697036545,
            "count": 3
        },
        "BlockAgent.Policy.LearningRate.mean": {
            "value": 0.00027510398198288597,
            "min": 0.00027510398198288597,
            "max": 0.0002949959016680333,
            "count": 3
        },
        "BlockAgent.Policy.LearningRate.sum": {
            "value": 0.020907902630699332,
            "min": 0.020907902630699332,
            "max": 0.023599672133442665,
            "count": 3
        },
        "BlockAgent.Policy.Epsilon.mean": {
            "value": 0.19170132456140349,
            "min": 0.19170132456140349,
            "max": 0.1983319666666667,
            "count": 3
        },
        "BlockAgent.Policy.Epsilon.sum": {
            "value": 14.569300666666665,
            "min": 14.569300666666665,
            "max": 15.866557333333335,
            "count": 3
        },
        "BlockAgent.Policy.Beta.mean": {
            "value": 0.0005000000000000001,
            "min": 0.0005000000000000001,
            "max": 0.0005000000000000001,
            "count": 3
        },
        "BlockAgent.Policy.Beta.sum": {
            "value": 0.038000000000000006,
            "min": 0.038000000000000006,
            "max": 0.04000000000000001,
            "count": 3
        },
        "BlockAgent.IsTraining.mean": {
            "value": 1.0,
            "min": 1.0,
            "max": 1.0,
            "count": 3
        },
        "BlockAgent.IsTraining.sum": {
            "value": 1.0,
            "min": 1.0,
            "max": 1.0,
            "count": 3
        }
    },
    "metadata": {
        "timer_format_version": "0.1.0",
        "start_time_seconds": "1650392008",
        "python_version": "3.7.9 (tags/v3.7.9:13c94747c7, Aug 17 2020, 18:58:18) [MSC v.1900 64 bit (AMD64)]",
        "command_line_arguments": "D:\\NoSpaceFolder\\Projects\\Unity\\Collective Construction RL\\venv\\Scripts\\mlagents-learn config/config.yaml --run-id=MBlockAgent16x16Infinity",
        "mlagents_version": "0.28.0",
        "mlagents_envs_version": "0.28.0",
        "communication_protocol_version": "1.5.0",
        "pytorch_version": "1.7.1+cu110",
        "numpy_version": "1.21.6",
        "end_time_seconds": "1650392451"
    },
    "total": 443.465664,
    "count": 1,
    "self": 0.014956699999970624,
    "children": {
        "run_training.setup": {
            "total": 0.1306643999999999,
            "count": 1,
            "self": 0.1306643999999999
        },
        "TrainerController.start_learning": {
            "total": 443.32004290000003,
            "count": 1,
            "self": 1.122496000000865,
            "children": {
                "TrainerController._reset_env": {
                    "total": 5.500603399999999,
                    "count": 1,
                    "self": 5.500603399999999
                },
                "TrainerController.advance": {
                    "total": 436.5044315999992,
                    "count": 36489,
                    "self": 1.1856505999983256,
                    "children": {
                        "env_step": {
                            "total": 309.85674489999855,
                            "count": 36489,
                            "self": 183.69871769999912,
                            "children": {
                                "SubprocessEnvManager._take_step": {
                                    "total": 125.49581099999709,
                                    "count": 36489,
                                    "self": 3.807108399998029,
                                    "children": {
                                        "TorchPolicy.evaluate": {
                                            "total": 121.68870259999906,
                                            "count": 36489,
                                            "self": 48.77999830000081,
                                            "children": {
                                                "TorchPolicy.sample_actions": {
                                                    "total": 72.90870429999825,
                                                    "count": 36489,
                                                    "self": 72.90870429999825
                                                }
                                            }
                                        }
                                    }
                                },
                                "workers": {
                                    "total": 0.6622162000023231,
                                    "count": 36488,
                                    "self": 0.0,
                                    "children": {
                                        "worker_root": {
                                            "total": 437.80175920000033,
                                            "count": 36488,